{
  "discriminator": {
    "precision": 0.9055516104042443,
    "recall": 0.8877721943048577,
    "f1": 0.886528544812771
  },
  "generator": {
    "bleu": 0.001236382836990681,
    "rouge1": 0.01340197956577267,
    "rouge2": 0.0,
    "rougeL": 0.01340197956577267
  },
  "training": {
    "epochs": 30,
    "final_D_loss": 0.4118252197901408,
    "final_G_loss": 2.726597784327812
  }
}